nombre,partido,lista,email,telefono,fuente_url,periodo,observacion
Nelton Barreda,Partido Nacional,2525,neltonbarreda@gmail.com,099779911,https://juntadeartigas.gub.uy/ediles-y-edilas/nelton-barreda,2020-2025 / 2025-2030,período(s) en ficha: 2020-2025 / 2025-2030
Andrés Rodríguez Vanuffelen,Partido Colorado,Unir para ganar - Lista 10,andreseli72@yahoo.com.ar,099341963,https://juntadeartigas.gub.uy/index.php/ediles-y-edilas/andres-rodriguez-vanuffelen,2020-2025 / 2025-2030,período(s) en ficha: 2020-2025 / 2025-2030
Guillermo Gasteasoro Nallen,Frente Amplio,Asamblea Uruguay 2121,guillermogasteasoro@gmail.com,099771053,https://juntadeartigas.gub.uy/index.php/ediles-y-edilas/guillermo-gasteasoro-nallen,2020-2025 / 2025-2030,período(s) en ficha: 2020-2025 / 2025-2030
Monica Vaz Martins,Partido Nacional,Empuje Nacional 252519,monicavazmartins@gmail.com,,https://juntadeartigas.gub.uy/ediles-y-edilas/monica-vaz-martins,2020-2025 / 2025-2030,período(s) en ficha: 2020-2025 / 2025-2030
Wilfredo Correa,Cabildo Abierto,44,wilfredocorrea.2017@gmail.com,098049105,https://juntadeartigas.gub.uy/index.php/ediles-y-edilas/wilfredo-correa,2025-2030,período(s) en ficha: 2025-2030
Gabriela Balbi,Partido Nacional,ARTIGAS ADELANTE 2525,gabi.balbi.64@hotmail.com,098227978,https://juntadeartigas.gub.uy/ediles-y-edilas/gabriela-balbi,2020-2025 / 2025-2030,período(s) en ficha: 2020-2025 / 2025-2030
Eduardo García,Partido Nacional,2525,edudelfi210889@gmail.com,099961318,https://juntadeartigas.gub.uy/ediles-y-edilas/eduardo-garcia,2025-2030,período(s) en ficha: 2025-2030
Adolfo Cebey,Partido Nacional,40,adolfocebey@gmail.com,099779498,https://juntadeartigas.gub.uy/ediles-y-edilas/adolfo-cebey,2025-2030,período(s) en ficha: 2025-2030
Alejandro Pablo Silvera Iturralde,Partido Nacional,Artigas Adelante 2525,escribanosilvera@gmail.com,099 414 762,https://juntadeartigas.gub.uy/ediles-y-edilas/alejandro-pablo-silvera-iturralde,2020-2025 / 2025-2030,período(s) en ficha: 2020-2025 / 2025-2030
Angel Omar Dos Santos,Partido Nacional,252555,grupoamerican1@hotmail.com,099770056,https://juntadeartigas.gub.uy/ediles-y-edilas/angel-omar-dos-santos,2025-2030,período(s) en ficha: 2025-2030
Carolina Lorenzo Machado,Frente Amplio,MPP-609,Clorenzom20@gmail.com,091357208,https://juntadeartigas.gub.uy/index.php/ediles-y-edilas/carolina-lorenzo-machado,2020-2025 / 2025-2030,período(s) en ficha: 2020-2025 / 2025-2030
Daniel Argañaraz Bicera,Partido Colorado,UNIDAD- DIGNIDAD- TRANSPARENCIA LISTA 31515,ardaniel27961@gmail.com,099772077,https://juntadeartigas.gub.uy/index.php/ediles-y-edilas/daniel-arganaraz-bicera,2020-2025 / 2025-2030,período(s) en ficha: 2020-2025 / 2025-2030
David Da Costa,Partido Nacional,Artigas Adelante 2525,dacostadavid14@outlook.com,091542683,https://juntadeartigas.gub.uy/ediles-y-edilas/david-da-costa,2020-2025 / 2025-2030,período(s) en ficha: 2020-2025 / 2025-2030
Eliss Acuña,Frente Amplio,Asamblea Uruguay 2121,acunadacunha@gmail.com,093339058,https://juntadeartigas.gub.uy/index.php/ediles-y-edilas/eliss-acuna,2025-2030,período(s) en ficha: 2025-2030
Estela Ferreira,Partido Nacional,Artigas Adelante 2525,blancaestelaferreirabueno@gmail.com,098165986,https://juntadeartigas.gub.uy/ediles-y-edilas/estela-ferreira,2020-2025 / 2025-2030,período(s) en ficha: 2020-2025 / 2025-2030
Gastón Silva,Frente Amplio,MPP 609,gsdo20597@gmail.com,091777352,https://juntadeartigas.gub.uy/index.php/ediles-y-edilas/gaston-silva,2025-2030,período(s) en ficha: 2025-2030
Graciela Echegoyen,Partido Nacional,111,gracielaechegoyen@gmail.com,099770602,https://juntadeartigas.gub.uy/ediles-y-edilas/graciela-echegoyen,2025-2030,período(s) en ficha: 2025-2030
Jorge Ariel Paiva de Souza,Partido Nacional,50,quiquepaiva52@gmail.com,,https://juntadeartigas.gub.uy/ediles-y-edilas/jorge-ariel-paiva-de-souza,2025-2030,período(s) en ficha: 2025-2030
José Moscardi Fagundez,Frente Amplio,Asamblea Uruguay 2121,papomoscardi73@gmail.com,099578206,https://juntadeartigas.gub.uy/index.php/ediles-y-edilas/jose-moscardi-fagundez,2025-2030,período(s) en ficha: 2025-2030
Juan Carlos Brandon Godoy,Partido Nacional,904,jbrandongodoy@gmail.com,099741789,https://juntadeartigas.gub.uy/ediles-y-edilas/juan-carlos-brandon-godoy,2020-2025 / 2025-2030,período(s) en ficha: 2020-2025 / 2025-2030
Juan Obiedo,Frente Amplio,La Amplia 1358,juanobiedo@gmail.com,099791077,https://juntadeartigas.gub.uy/index.php/ediles-y-edilas/juan-obiedo,2025-2030,período(s) en ficha: 2025-2030
Mari Esther Izaguirre,Frente Amplio,90,almani-03@hotmail.com,099770886,https://juntadeartigas.gub.uy/index.php/ediles-y-edilas/mari-esther-izaguirre,2025-2030,período(s) en ficha: 2025-2030
Marisa Correa,Cabildo Abierto,44,marsanvencocorreaguilar@gmail.com,091373910,https://juntadeartigas.gub.uy/index.php/ediles-y-edilas/marisa-correa,2025-2030,período(s) en ficha: 2025-2030
Mateo Ayala Alegre,Partido Nacional,40,maaefilhos2@hotmail.com,091909160,https://juntadeartigas.gub.uy/ediles-y-edilas/mateo-ayala-alegre,2025-2030,período(s) en ficha: 2025-2030
Mercedes Barboza,Partido Nacional,29102525,mercedesbarboza83@gmail.com,099003887,https://juntadeartigas.gub.uy/ediles-y-edilas/mercedes-barboza,2025-2030,período(s) en ficha: 2025-2030
Miguel Ángel Gimenez Viera,Partido Nacional,Artigas Adelante 2525,magimenezviera@hotmail.com,099895715,https://juntadeartigas.gub.uy/ediles-y-edilas/miguel-angel-gimenez-viera,2020-2025 / 2025-2030,período(s) en ficha: 2020-2025 / 2025-2030
Miguel Castro,Frente Amplio,711,mac21equipout@gmail.com,093704317,https://juntadeartigas.gub.uy/index.php/ediles-y-edilas/miguel-castro,2025-2030,período(s) en ficha: 2025-2030
Natalia Bruno,Partido Nacional,29102525,nataliabruno@gmail.com,098167475,https://juntadeartigas.gub.uy/ediles-y-edilas/natalia-bruno,2025-2030,período(s) en ficha: 2025-2030
Paola Zapata Lima,Frente Amplio,Asamblea Uruguay 2121,lorenapaola26@gmail.com,092279015,https://juntadeartigas.gub.uy/index.php/ediles-y-edilas/paola-zapata-lima,2025-2030,período(s) en ficha: 2025-2030
Roberto Rodríguez Sant'Anna,Cabildo Abierto,Sector de los pueblos libres 44,roberto.santanna@vera.com.uy,099772509,https://juntadeartigas.gub.uy/index.php/ediles-y-edilas/roberto-rodriguez-santanna,2025-2030,período(s) en ficha: 2025-2030
Sebastián Paz Ayala,Partido Nacional,Creer y Crecer 252544,sebapaz019@gmail.com,091326934,https://juntadeartigas.gub.uy/ediles-y-edilas/sebastian-paz-ayala,2020-2025 / 2025-2030,período(s) en ficha: 2020-2025 / 2025-2030
