nombre,partido,lista,email,telefono,fuente_url,n_orden,observacion
Daniel Pereira,Frente Amplio,609,edil.danielpereira@juntadecanelones.gub.uy,098 806 945,https://www.juntadecanelones.gub.uy/ver-edil.php?id=148,1,
Nathali Muniz,Frente Amplio,609,edila.nathalimuniz@juntadecanelones.gub.uy,098333770,https://www.juntadecanelones.gub.uy/ver-edil.php?id=149,2,
César Lista,Frente Amplio,609,edil.cesarlista@juntadecanelones.gub.uy,099 093 614,https://www.juntadecanelones.gub.uy/ver-edil.php?id=150,3,
María José Martínez,Frente Amplio,609,edila.mariajosemartinez@juntadecanelones.gub.uy,099928888,https://www.juntadecanelones.gub.uy/ver-edil.php?id=153,4,
Juan Ripoll,Frente Amplio,609,edil.juanripoll@juntadecanelones.gub.uy,099 511 821,https://www.juntadecanelones.gub.uy/ver-edil.php?id=154,5,
Florencia Bielli,Frente Amplio,609,edila.florenciabielli@juntadecanelones.gub.uy,092 528 377,https://www.juntadecanelones.gub.uy/ver-edil.php?id=155,6,
Mariela Alamilla,Frente Amplio,609,edila.marielaalamilla@juntadecanelones.gub.uy,098 256 768,https://www.juntadecanelones.gub.uy/ver-edil.php?id=156,7,
María del Rosario Larrea,Frente Amplio,212195,edila.rosariolarrea@juntadecanelones.gub.uy,099 835 828,https://www.juntadecanelones.gub.uy/ver-edil.php?id=158,8,
Loredana Morando,Frente Amplio,8811,edila.loredanamorando@juntadecanelones.gub.uy,094 859 636,https://www.juntadecanelones.gub.uy/ver-edil.php?id=159,9,
Javier Heredia,Frente Amplio,90,edil.javierheredia@juntadecanelones.gub.uy,092 170 337,https://www.juntadecanelones.gub.uy/ver-edil.php?id=160,10,
Roberto Vázquez,Frente Amplio,94976363077,edil.robertovazquez@juntadecanelones.gub.uy,094 162 931,https://www.juntadecanelones.gub.uy/ver-edil.php?id=161,11,
Marisol D´Albora,Frente Amplio,1001,edila.marisoldalbora@juntadecanelones.gub.uy,098 498 426,https://www.juntadecanelones.gub.uy/ver-edil.php?id=162,12,
Liber Moreno,Frente Amplio,1001,edil.libermoreno@juntadecanelones.gub.uy,099 804 436,https://www.juntadecanelones.gub.uy/ver-edil.php?id=163,13,
Víctor Rossi,Frente Amplio,939,edil.victorrossi@juntadecanelones.gub.uy,099 628 185,https://www.juntadecanelones.gub.uy/ver-edil.php?id=164,14,
Silvia Núñez,Frente Amplio,939,edila.silvianunez@juntadecanelones.gub.uy,096 972 762,https://www.juntadecanelones.gub.uy/ver-edil.php?id=165,15,
Manuel De León,Frente Amplio,6060,edil.manueldeleon@juntadecanelones.gub.uy,092 876 371,https://www.juntadecanelones.gub.uy/ver-edil.php?id=183,16,
Katherin Martínez,Frente Amplio,711,edila.katherinmartinez@juntadecanelones.gub.uy,094 593 210,https://www.juntadecanelones.gub.uy/ver-edil.php?id=167,17,
Leonardo Borges,Frente Amplio,1940,edil.leonardoborges@juntadecanelones.gub.uy,097 831 985,https://www.juntadecanelones.gub.uy/ver-edil.php?id=168,18,
Richard Pérez,Coalición Republicana - Partido Nacional,400,edil.richardperez@juntadecanelones.gub.uy,099 278 476,https://www.juntadecanelones.gub.uy/ver-edil.php?id=221,19,
Juan Andrés Marteluna,Coalición Republicana - Partido Nacional,400,edil.juanmarteluna@juntadecanelones.gub.uy,097 327 191,https://www.juntadecanelones.gub.uy/ver-edil.php?id=222,20,
Marcelo Tamborini,Coalición Republicana - Partido Nacional,400,edil.marcelotamborini@juntadecanelones.gub.uy,099 925 281,https://www.juntadecanelones.gub.uy/ver-edil.php?id=223,21,
Beatriz Lamas,Coalición Republicana - Partido Nacional,400,edila.beatrizlamas@juntadecanelones.gub.uy,092 572 400,https://www.juntadecanelones.gub.uy/ver-edil.php?id=224,22,
Agustín Oliver,Coalición Republicana - Partido Nacional,5,edil.agustinoliver@juntadecanelones.gub.uy,091 053 162,https://www.juntadecanelones.gub.uy/ver-edil.php?id=225,23,
Alejandro Repetto,Coalición Republicana - Partido Nacional,4033,edil.alejandrorepetto@juntadecanelones.gub.uy,098 404 400,https://www.juntadecanelones.gub.uy/ver-edil.php?id=226,24,
Betiana Britos,Coalición Republicana - Partido Nacional,33340,edila.betianabritos@juntadecanelones.gub.uy,097 730 434,https://www.juntadecanelones.gub.uy/ver-edil.php?id=227,25,
Raúl Detomasi,Coalición Republicana - Partido Nacional,334,edil.rauldetomasi@juntadecanelones.gub.uy,092 909 010,https://www.juntadecanelones.gub.uy/ver-edil.php?id=228,26,
Gustavo Morandi,Coalición Republicana - Partido Nacional,4033,edil.gustavomorandi@juntadecanelones.gub.uy,092 450 400,https://www.juntadecanelones.gub.uy/ver-edil.php?id=229,27,
Emiliano Quintero,Coalición Republicana - Partido Nacional,33340,edil.emilianoquintero@juntadecanelones.gub.uy,092 610 910,https://www.juntadecanelones.gub.uy/ver-edil.php?id=230,28,
Fernando Melgar,Coalición Republicana - Partido Colorado,10,edil.fernandomelgar@juntadecanelones.gub.uy,099 843 049,https://www.juntadecanelones.gub.uy/ver-edil.php?id=231,29,
Noemí Pulitano,Coalición Republicana - Partido Colorado,10,edila.noemipulitano@juntadecanelones.gub.uy,094 887 487,https://www.juntadecanelones.gub.uy/ver-edil.php?id=232,30,
Jerónimo Costa,Coalición Republicana - Partido Colorado,25,edil.jeronimocosta@juntadecanelones.gub.uy,092 544 976,https://www.juntadecanelones.gub.uy/ver-edil.php?id=233,31,
