nombre,partido,lista,email,telefono,fuente_url,cargo,observacion
Carla Calabuig,Frente Amplio,,carlacalabuig34@gmail.com,098117737,https://juntadepartamentallavalleja.gub.uy/page-team/,Edil - Frente Amplio,
Enrique Foderé,Frente Amplio,,enriqueleo69@gmail.com,099153238,https://juntadepartamentallavalleja.gub.uy/page-team/,Edil - Frente Amplio,
Eugenia Duarte,Frente Amplio,,,,https://juntadepartamentallavalleja.gub.uy/page-team/,,sin cargo/partido/email en la tarjeta
Ezequiel Larrea,Frente Amplio,,ezequiellarrea43@gmail.com,097357891,https://juntadepartamentallavalleja.gub.uy/page-team/,Edil,
Gastón Díaz,Frente Amplio,,gaston.diaz.castro@gmail.com,092556483,https://juntadepartamentallavalleja.gub.uy/page-team/,Edil - Frente Amplio,
Gonzalo Gómez,Frente Amplio,,ggomezcaraballo@gmail.com,091264603,https://juntadepartamentallavalleja.gub.uy/page-team/,Edil,
Hugo Garcia,Frente Amplio,,hugogar8409@gmail.com,091892102,https://juntadepartamentallavalleja.gub.uy/page-team/,Edil - Frente Amplio,
Hugo Migliani,Frente Amplio,,,,https://juntadepartamentallavalleja.gub.uy/page-team/,Edil - Frente Amplio,sin email publicado
Isabel Urquiola,Frente Amplio,,,,https://juntadepartamentallavalleja.gub.uy/page-team/,,sin cargo/partido/email en la tarjeta
Joaquín López,Frente Amplio,,joaquinlopezh95@gmail.com,099825710,https://juntadepartamentallavalleja.gub.uy/page-team/,Edil - Frente Amplio,
Luisa Mazzoni,Frente Amplio,,luisamazzonipiriz@gmail.com,091725854,https://juntadepartamentallavalleja.gub.uy/page-team/,Edil - Frente Amplio,
Mauro Álvarez,Frente Amplio,,mr.alvareztito@gmail.com,091555609,https://juntadepartamentallavalleja.gub.uy/page-team/,Presidente - Junta Dptal periodo 2026-2027,
Miguel Sanz,Frente Amplio,,,,https://juntadepartamentallavalleja.gub.uy/page-team/,Edil,sin cargo/partido/email en la tarjeta
Paola Rojas,Frente Amplio,,,,https://juntadepartamentallavalleja.gub.uy/page-team/,Edil - Frente Amplio,sin email publicado
Sara Mazzoni,Frente Amplio,,saramazzonif2019@gmail.com,098604514,https://juntadepartamentallavalleja.gub.uy/page-team/,Edil - Frente Amplio,
Alcides Larrosa,Partido Nacional,,larrosamoreno1952@gmail.com,099909946,https://juntadepartamentallavalleja.gub.uy/page-team/,Edil,
Ana Laura Nis,Partido Nacional,,anisppe@gmail.com,099324076,https://juntadepartamentallavalleja.gub.uy/page-team/,Edil,
Carol Aviaga,Partido Nacional,,carolaviaga@gmail.com,099844407,https://juntadepartamentallavalleja.gub.uy/page-team/,Edil,
Dolores García Pintos,Partido Nacional,,doloresgpa@gmail.com,098539163,https://juntadepartamentallavalleja.gub.uy/page-team/,Edil,
Gabriel Gutiérrez,Partido Nacional,,gabrielgutierrezper@gmail.com,098013931,https://juntadepartamentallavalleja.gub.uy/page-team/,Edil,
Gabriela Umpierrez,Partido Nacional,,draumpierrez@gmail.com,099969740,https://juntadepartamentallavalleja.gub.uy/page-team/,Edil,
Gastón Elola,Partido Nacional,,gastonelola56@hotmail.com,099267495,https://juntadepartamentallavalleja.gub.uy/page-team/,Edil,
Gerardo Effinger,Partido Nacional,,gerardoeffinger@icloud.com,092205858,https://juntadepartamentallavalleja.gub.uy/page-team/,Edil,
Hugo Olascoaga,Partido Nacional,,hugo.olascoaga@gmail.com,091006356,https://juntadepartamentallavalleja.gub.uy/page-team/,Edil,
Joaquín Hernández,Partido Nacional,,joaquinhp2012@hotmail.com,092615171,https://juntadepartamentallavalleja.gub.uy/page-team/,Edil,
José Rojas,Partido Nacional,,ingagr.joserojas@gmail.com,098351277,https://juntadepartamentallavalleja.gub.uy/page-team/,Edil,
Verónica Machado,Partido Nacional,,dramachadosolis@gmail.com,099267495,https://juntadepartamentallavalleja.gub.uy/page-team/,Edil,
Julio Sánchez,Partido Colorado,,jcg955@hotmail.com,091066734,https://juntadepartamentallavalleja.gub.uy/page-team/,Edil,
Luis Carresse,Partido Colorado,,luismacarresse@gmail.com,099840966,https://juntadepartamentallavalleja.gub.uy/page-team/,Edil,
Néstor Calvo,Partido Colorado,,nestorac1974@gmail.com,099528642,https://juntadepartamentallavalleja.gub.uy/page-team/,Edil,
