nombre,partido,lista,email,telefono,fuente_url,observacion
Juan Ignacio Abdala,Coalición Republicana - Lista 1 (Partido Nacional),1,iabdala@juntamvd.gub.uy,"Internos 2170, 2171",https://www.juntamvd.gub.uy/public/institucional/edil/178,
Fernanda Araujo,Coalición Republicana - Lista 1 (Partido Nacional),1,maraujo@juntamvd.gub.uy,"Internos 2103, 2153",https://www.juntamvd.gub.uy/public/institucional/edil/181,
Juan Martín Bárcena,Coalición Republicana - Lista 1 (Partido Nacional),1,jbarcena@juntamvd.gub.uy,"Internos 2101, 2151",https://www.juntamvd.gub.uy/public/institucional/edil/176,
Fabiana Berros,Frente Amplio - Lista 609,609,fberros@juntamvd.gub.uy,"Internos 2331, 2361",https://www.juntamvd.gub.uy/public/institucional/edil/185,
Nicolás Botana,Coalición Republicana - Lista 1 (Partido Nacional),1,nbotana@juntamvd.gub.uy,Internos 2109,https://www.juntamvd.gub.uy/public/institucional/edil/187,
Joaquín Campos,Coalición Republicana - Lista 601 (Partido Nacional),601,jcampos@juntamvd.gub.uy,"Internos 2112, 2162",https://www.juntamvd.gub.uy/public/institucional/edil/198,
Juan Ceretta,Frente Amplio - Lista 90,90,jceretta@juntamvd.gub.uy,"Internos 2214, 2254",https://www.juntamvd.gub.uy/public/institucional/edil/189,
Gabriel Cunha,Coalición Republicana - Lista 1 (Partido Nacional),1,gcunha@juntamvd.gub.uy,"Internos 2104, 2154",https://www.juntamvd.gub.uy/public/institucional/edil/180,
Néstor Delgado,Frente Amplio - Lista 609,609,ndelgado@juntamvd.gub.uy,"Internos 2219, 2259",https://www.juntamvd.gub.uy/public/institucional/edil/179,
Sofía Espillar,Frente Amplio - Lista 1001,1001,sespillar@juntamvd.gub.uy,"Internos 2325, 2355",https://www.juntamvd.gub.uy/public/institucional/edil/205,
Gonzalo Gómez,Coalición Republicana - Lista 1 (Partido Nacional),1,ggomez@juntamvd.gub.uy,"Internos 2111, 2161",https://www.juntamvd.gub.uy/public/institucional/edil/183,
Ricardo González,Frente Amplio - Lista 609,609,rgonzalez@juntamvd.gub.uy,"Internos 2217, 2257",https://www.juntamvd.gub.uy/public/institucional/edil/184,
Mayo González,Frente Amplio - Lista 6060,6060,mgonzalez@juntamvd.gub.uy,Internos 2330,https://www.juntamvd.gub.uy/public/institucional/edil/197,
Nicolás Hernández,Coalición Republicana - Lista 22 (Partido Nacional),22,nhernandez@juntamvd.gub.uy,"Internos 2110, 2160",https://www.juntamvd.gub.uy/public/institucional/edil/193,
Guillermo Kruse,Coalición Republicana - Lista 815 (Partido Nacional),815,hkruse@juntamvd.gub.uy,Internos 2333,https://www.juntamvd.gub.uy/public/institucional/edil/201,
Alejandro Milano,Frente Amplio - Lista 3128,3128,amilano@juntamvd.gub.uy,Internos 2332,https://www.juntamvd.gub.uy/public/institucional/edil/199,
Federico Paganini,Coalición Republicana - Lista 25 (Partido Colorado),25,fpaganini@juntamvd.gub.uy,Internos 2236,https://www.juntamvd.gub.uy/public/institucional/edil/202,
Pedro Pastorín,Frente Amplio - Lista 77,77,ppastorin@juntamvd.gub.uy,Internos 2218,https://www.juntamvd.gub.uy/public/institucional/edil/192,
Diego Revetria,Frente Amplio - Lista 1001,1001,drevetria@juntamvd.gub.uy,"Internos 2327, 2367",https://www.juntamvd.gub.uy/public/institucional/edil/206,
Margarita Rodríguez,Frente Amplio - Lista 711,711,mvrodriguez@juntamvd.gub.uy,"Internos 2224, 2264",https://www.juntamvd.gub.uy/public/institucional/edil/196,
Diego Rodríguez,Coalición Republicana - Lista 1 (Partido Nacional),1,drodriguezsalomon@juntamvd.gub.uy,"Internos 2106, 2156, 1240",https://www.juntamvd.gub.uy/public/institucional/edil/203,
Diego Romaniello,Frente Amplio - Lista 711,711,dromaniello@juntamvd.gub.uy,Internos 2222,https://www.juntamvd.gub.uy/public/institucional/edil/195,
Gonzalo Sánchez,Frente Amplio - Lista 609,609,gsanchez@juntamvd.gub.uy,"Internos 2363, 2223",https://www.juntamvd.gub.uy/public/institucional/edil/175,
Estefanía Schiavone,Frente Amplio - Lista 95,95,eschivone@juntamvd.gub.uy,"Internos 2213, 2253",https://www.juntamvd.gub.uy/public/institucional/edil/191,
Rafael Seijas,Coalición Republicana - Lista 1 (Partido Nacional),1,rseijas@juntamvd.gub.uy,"Internos 2107, 2157",https://www.juntamvd.gub.uy/public/institucional/edil/204,
Juana Silva,Frente Amplio - Lista 609,609,jsilva@juntamvd.gub.uy,Internos 2221,https://www.juntamvd.gub.uy/public/institucional/edil/182,
Laura Soto,Coalición Republicana - Lista 901 (Partido Nacional),901,msoto@juntamvd.gub.uy,"Internos 2102, 2152",https://www.juntamvd.gub.uy/public/institucional/edil/200,
Gimena Urta,Frente Amplio - Lista 609,609,murta@juntamvd.gub.uy,"Internos 2215, 2255",https://www.juntamvd.gub.uy/public/institucional/edil/177,
Judith Varela,Coalición Republicana - Lista 1 (Partido Nacional),1,jvarela@juntamvd.gub.uy,"Internos 2105, 2155",https://www.juntamvd.gub.uy/public/institucional/edil/188,
Fátima Vázquez,Frente Amplio - Lista 1001,1001,fvazquez@juntamvd.gub.uy,"Internos 2326, 2356",https://www.juntamvd.gub.uy/public/institucional/edil/186,
Gonzalo Zuvela,Frente Amplio - Lista 95,95,gzuvela@juntamvd.gub.uy,"Internos 2216, 2256",https://www.juntamvd.gub.uy/public/institucional/edil/194,
